num_repeat,rf,rfsut,rs,mr,ete_latency50,ete_latency_avg,ete_min,ete_1P,ete_5P,ete_10P,ete_90P,ete_95P,ete_99P,ete_max,ete_std,avg_first_step,avg_second_step,avg_third_step,med_first_step,med_second_step,med_third_step,throughput(MiB/s),throughput(ops)
0,1,10,1024,500,15610,18295,212,381.0,452.0,462.0,42641.0,46542.0,51657.34,61140,16462,343,71,17880,351,68,15203,0,498
0,1,10,16384,500,20075,22808,210,406.0,475.0,493.0,52388.2,56768.69999999999,61494.7,68399,19982,355,78,22374,366,73,19640,7,498
0,1,10,262144,500,12234,15911,722,855.33,890.0,906.0,38548.4,43220.2,52717.01,60037,15165,472,190,15248,474,182,11566,76,304
0,1,10,1024,800,12166,14844,122,240.0,337.0,351.0,35421.0,39469.7,45047.020000000004,58549,13867,231,71,14542,242,68,11864,0,793
0,1,10,16384,800,19018,21391,149,288.0,360.0,380.0,48227.0,53077.49999999999,59623.72,66566,18562,247,74,21069,260,71,18694,12,795
0,1,10,262144,800,16838,19645,694,839.0,869.0,886.0,44923.200000000004,48716.94999999998,57250.840000000004,63534,17299,458,181,19005,460,178,16198,76,307
0,1,10,1024,1000,12999,15182,125,219.98000000000008,296.0,362.0,34789.8,39642.399999999965,47594.78,63851,13692,227,71,14883,250,70,12701,0,994
0,1,10,16384,1000,14895,17346,149,223.0,320.0,381.0,40071.2,44490.1,50512.72,57817,15596,234,72,17039,255,71,14577,15,993
0,1,10,262144,1000,9960,13779,775,837.0,869.0,885.0,34260.5,38290.4,43849.08,49691,13408,457,188,13132,459,184,9303,76,306
0,1,10,1024,2000,9475,10911,87,98.0,102.0,106.0,24920.200000000004,28516.0,34291.08,63640,9804,54,23,10833,52,20,9400,1,1971
0,1,10,16384,2000,4984,7837,109,124.0,127.0,129.0,20759.8,23198.0,25882.02,29688,8284,64,24,7748,62,22,4898,30,1980
0,1,10,262144,2000,21126,23296,773,861.0,906.0,924.0,51039.700000000004,55347.049999999996,61210.04,66074,19173,460,198,22638,464,194,20461,75,302
0,1,10,1024,3000,6055,8892,87,98.0,103.0,105.0,21046.0,25941.0,44216.100000000006,72521,10195,54,20,8817,54,19,5982,2,2970
0,1,10,16384,3000,4912,6880,106,116.0,122.0,124.0,17327.0,19169.65,22477.939999999966,38720,7030,57,22,6799,57,21,4834,46,2948
0,1,10,262144,3000,23170,24985,766,844.0,879.0,901.0,54754.00000000001,58597.049999999996,62496.39,69168,20306,471,183,24329,473,178,22522,76,304
0,1,10,1024,5000,986270,935059,188752,204345.99,235093.7,322115.3,1500313.3,1549096.3,1591888.5,1612258,427035,653,159,934246,366,143,985762,4,4674
0,1,10,16384,5000,16211,130261,178,468.98,622.0,792.0,447829.5,511186.45,562915.41,582048,177954,85067,25,45169,839,20,15269,77,4980
0,1,10,1024,6000,168538,172560,609,678.0,741.0,766.0,393375.0,446314.0,487387.6,503778,148980,3830,124,168606,383,136,167997,5,5512
0,1,10,16384,6000,1581313,1585916,1049289,1060366.48,1101848.25,1155183.3,2020851.3,2066402.3,2097071.09,2117720,316596,153832,19,1432064,2084,17,1496654,57,3679
0,1,10,1024,8000,468950,425050,55614,76015.84,106571.2,145471.2,688493.8,733325.6,774113.16,784617,194058,47852,111,377087,396,124,431994,7,7623
0,1,10,16384,8000,2018584,2025324,1693789,1700743.49,1725674.7,1757289.8,2299536.7,2324972.1,2340501.73,2351394,199436,446136,14,1579173,455458,13,1566615,53,3396
0,1,10,1024,10000,1973416,1986714,1735918,1740282.74,1751102.35,1772030.4,2230238.2,2251453.6,2277181.19,2284570,168386,140388,96,1846229,646,84,1847934,4,4333
0,1,10,16384,10000,1028024,1025638,945616,948926.51,962545.95,968937.8,1081146.2,1086935.0,1092922.22,1102992,40829,699709,13,325915,717504,13,310669,80,5139
0,1,10,1024,15000,2360506,2378120,2320535,2322469.08,2325983.2,2329994.6,2458973.8,2460318.2,2461849.56,2464257,49244,418749,44,1959327,423627,28,1936971,4,4114
0,1,10,16384,15000,1225477,1227342,1204579,1210260.87,1215180.2,1218474.8,1242354.4,1248332.15,1256312.11,1260063,9415,974845,12,252484,983984,12,241185,81,5197
0,1,10,1024,18000,2480981,2482061,2448468,2451070.17,2453685.75,2457079.9,2512943.4,2517295.45,2520860.05,2522562,21039,585692,46,1896322,593836,31,1865603,3,4089
0,1,10,16384,18000,1464828,1458951,1364670,1367247.64,1380840.55,1391350.9,1520210.0,1532618.45,1544157.06,1546075,45225,1326216,20,132714,1338437,17,124134,74,4757
0,1,10000,1024,500,750,7069,203,365.0,400.0,435.0,21289.0,24002.79999999999,27393.34,32466,8517,333,69,6665,344,65,342,0,498
0,1,10000,16384,500,1440,7867,196,386.0,433.0,465.0,23379.0,26219.099999999984,29587.34,35676,9315,349,73,7445,358,70,997,7,498
0,1,10000,262144,500,1794,7131,750,811.0,843.0,863.0,20005.7,22490.35,26222.43,30812,7869,450,172,6508,456,168,1159,76,306
0,1,10000,1024,800,1809,7056,135,186.0,327.0,357.0,20442.4,23714.399999999994,28561.68,33496,8392,237,70,6748,247,71,1505,0,795
0,1,10000,16384,800,429,6757,142,219.0,331.0,356.0,20854.4,23590.399999999998,27385.34,32307,8402,248,70,6438,260,68,87,12,796
0,1,10000,262144,800,927,5219,690,802.0,836.0,857.0,16834.7,19463.8,22198.75,25592,6551,451,172,4594,456,168,288,76,307
0,1,10000,1024,1000,3577,7350,125,194.0,288.0,305.0,20173.0,22534.699999999997,26049.34,33786,8081,223,73,7052,247,72,3268,0,994
0,1,10000,16384,1000,408,6335,145,209.0,300.0,318.0,20064.0,22818.799999999996,26143.08,35456,8082,234,71,6029,249,69,77,15,993
0,1,10000,262144,1000,1458,6726,741,818.0,847.0,862.0,18992.100000000002,21818.499999999996,25098.440000000002,28344,7510,452,167,6105,453,164,817,76,305
0,1,10000,1024,2000,125,3791,86,97.0,101.0,104.0,12564.400000000001,15113.399999999994,22177.420000000002,28738,5597,56,22,3713,53,20,43,1,1969
0,1,10000,16384,2000,1388,5352,105,119.0,123.0,125.0,15729.199999999999,18374.199999999993,21726.38,28888,6513,64,24,5263,58,22,1293,30,1975
0,1,10000,262144,2000,1052,6804,812,847.0,878.0,893.0,19928.000000000015,22371.849999999995,25332.34,29600,7740,468,174,6161,469,169,396,76,304
0,1,10000,1024,3000,120,3536,90,99.0,105.0,107.0,12270.0,14820.89999999998,20703.0,25664,5381,56,21,3458,56,20,40,2,2964
0,1,10000,16384,3000,4097,7076,105,115.0,122.0,125.0,18547.300000000003,22169.6,27574.319999999992,40754,7869,58,24,6992,58,23,4010,45,2937
0,1,10000,262144,3000,915,4601,737,820.0,846.0,859.3,15392.200000000004,17985.699999999997,20455.07,22931,5958,458,183,3958,458,176,269,76,305
0,1,100000,1024,5000,1020066,1036497,97227,113351.20000000001,186152.3,276922.2,1803518.4,1911052.7,1998673.1900000002,2020281,559290,420,148,1035928,378,144,1019509,4,4826
0,1,100000,16384,5000,2027,118418,286,488.0,591.0,664.9000000000001,429466.4,499999.64999999997,547885.43,570291,174316,62776,25,55617,794,20,707,78,4995
0,1,100000,262144,5000,2785899,2776759,2705648,2708685.27,2715756.65,2736239.1,2796137.8,2798264.45,2801090.07,2802786,23529,886250,48,1890460,905770,46,1890691,247,991
0,1,100000,1024,6000,982061,987405,287369,300867.35,342292.75,409797.0,1586775.0,1657284.5,1727612.65,1746533,423951,7004,117,980283,382,126,981391,5,5316
0,1,100000,16384,6000,1536525,1528368,973643,992733.0,1035624.0,1088109.0,1966250.0,2025594.0,2059266.0,2075603,317848,146620,19,1381728,1560,19,1473660,58,3775
0,1,100000,262144,6000,3315153,3310601,3177843,3180832.32,3187470.05,3196103.4,3391729.9,3397751.5,3402965.07,3406600,65587,942031,49,2368519,940883,48,2374664,215,862
0,1,100000,1024,8000,268768,274588,469,569.33,657.0,707.0,561581.1,607702.4,651892.02,660163,216878,72434,112,202041,406,126,224932,7,8003
0,1,100000,16384,8000,571552,577464,303785,306065.99,322454.8,347145.7,823941.3,858623.75,877031.55,891474,171481,398893,12,178558,401559,12,168743,100,6420
0,1,100000,262144,8000,2806525,2802206,2706785,2709741.48,2715903.75,2723270.1,2879991.7,2887924.1,2895621.8,2899670,55883,833070,50,1969086,831256,48,1975645,248,992
0,1,100000,1024,10000,605054,578694,365520,369660.84,380564.7,398722.4,734190.4000000005,771172.75,802273.0699999993,808227,121743,158727,87,419879,12342,75,432198,7,7846
0,1,100000,16384,10000,841194,847244,690518,693343.0,701059.0,709349.0,995988.0,1018791.0,1029029.0,1043094,103670,715120,14,132108,730798,14,110371,91,5846
0,1,100000,262144,10000,2816359,2813593,2722613,2725426.86,2732212.05,2740522.0,2885065.2,2893197.3,2900373.19,2904359,51509,913998,51,1899543,915272,49,1901163,248,993
0,1,100000,1024,15000,2306742,2316737,2254052,2255015.41,2257033.85,2258774.7,2400021.1,2403292.25,2421322.88,2426818,53052,432607,48,1884081,436994,31,1869136,4,4230
0,1,100000,16384,15000,1201121,1203600,1182533,1186254.83,1190148.7,1194295.1,1213715.8,1229943.9,1258688.06,1267779,12333,1001664,14,201921,995665,13,206047,80,5171
0,1,100000,262144,15000,1420046,1404466,1275807,1283719.64,1289935.75,1297619.7,1494697.1,1501994.35,1508700.45,1512527,71801,852324,50,552091,851272,48,567998,423,1694
0,1,100000,1024,16000,2842889,2856884,2810186,2812378.56,2816121.95,2817558.0,2922808.4,2940124.65,2955072.44,2959159,39232,485390,57,2371436,488166,30,2347686,3,3627
0,1,100000,1024,17000,2453162,2460191,2419153,2421356.17,2424246.95,2427454.7,2509019.1,2517701.15,2530027.76,2534643,30176,510804,42,1949344,516357,27,1906738,3,4040
0,1,100000,1024,18000,2495895,2493286,2457660,2463988.73,2470628.95,2474051.9,2514490.7,2517780.1,2521905.22,2524522,15477,619212,46,1874027,624279,28,1851632,4,4104
0,1,100000,16384,18000,3115089,3116325,3096975,3100415.77,3105146.75,3107546.0,3127642.0,3130129.1,3133255.2,3136523,7798,1145982,13,1970329,1154500,13,1957222,42,2714
0,1,100000,1024,20000,2547627,2553666,2513951,2515728.34,2520044.8,2524713.8,2596550.1,2606053.1,2624899.22,2628339,26747,643220,48,1910397,650902,28,1899253,3,4049
0,1,100000,1024,25000,1323900,1318965,1185769,1187043.78,1189365.7,1191715.6,1428114.2,1443312.15,1456009.83,1471728,76397,773077,45,545842,778534,29,546068,6,6655
0,1,100000,1024,28000,3175316,3197974,3135042,3135912.0,3137497.6,3139297.9,3297364.3,3326982.1,3342681.83,3347172,61023,857656,56,2340261,866932,28,2308151,3,3490
0,1,100000,1024,30000,2764733,2786759,2659761,2661530.9,2668028.95,2678268.0,2928744.5,2972457.2,2989965.83,2994740,100788,892472,48,1894238,901249,32,1864075,3,3880
0,3,10,1024,500,14684,17598,198,380.0,444.0,458.0,41177.4,45475.09999999999,54015.62000000001,71009,16184,335,68,17193,346,65,14270,0,498
0,3,10,16384,500,18455,21457,210,394.0,471.0,486.0,49602.99999999999,54618.799999999996,61506.42,70999,19246,347,72,21038,357,68,18020,7,498
0,3,10,262144,500,926807,1812855,781,862.0,898.0,940.3,5056944.700000001,5552612.1,5959467.87,6074148,2010351,463,204,1812186,465,187,926162,75,303
0,3,10,1024,800,16223,18479,177,279.66,365.0,374.0,41705.8,47535.499999999956,55965.020000000004,67562,16279,244,71,18163,255,71,15913,0,797
0,3,10,16384,800,23359,114415,162,307.65999999999997,381.0,393.0,62348.19999999999,936874.8999999986,1754141.1400000001,1945459,332950,241,76,114097,254,75,23037,12,794
0,3,10,262144,800,1401416,2020198,808,864.33,900.0,954.3,5322521.300000001,5798555.3,6232716.21,6334084,2099499,453,186,2019557,455,172,1400793,76,305
0,3,10,1024,1000,12217,14513,114,197.0,301.0,361.0,33689.0,38245.7,46216.740000000005,55535,13321,224,67,14222,245,66,11919,0,993
0,3,10,16384,1000,26939,467117,175,268.0,340.0,395.0,2198809.700000001,2974580.05,3598159.1999999983,3747448,956900,227,72,466818,250,71,26659,15,990
0,3,10,262144,1000,654919,1660225,809,858.0,887.0,912.0,4782814.200000001,5307992.1,5733932.45,5839672,1917203,460,210,1659554,462,184,654251,75,303
0,3,10,1024,2000,26251,1309440,92,103.0,107.0,111.0,4239536.600000001,4791582.8999999985,5241140.0,5353401,1709798,57,22,1309360,54,20,26164,1,1966
0,3,10,16384,2000,4361442,4403116,1197598,1263075.3,1502001.4000000001,1807400.4,7081461.2,7440248.3,7718706.5600000005,7787091,1902515,66,26,4403023,60,21,4361364,26,1726
0,3,10,262144,2000,1433347,2068633,736,830.0,881.0,937.0,5422668.500000001,5923869.3,6336937.58,6437373,2138459,446,184,2068002,454,166,1432736,76,306
0,3,10,1024,3000,4875954,5130922,2733822,2782393.44,2963275.7,3199166.0,7336972.0,7604795.3,7853620.86,7919526,1460803,55,29,5130838,56,26,4875869,2,2271
0,3,10,16384,3000,6528534,6560014,4603743,4636142.38,4778478.1,4960440.0,8230345.2,8450184.1,8628228.78,8675896,1181944,61,24,6559928,61,22,6528450,25,1632
0,3,10,262144,3000,672950,1646904,805,869.0,893.0,911.0,4761973.600000001,5271183.649999999,5670411.850000001,5776786,1902128,454,205,1646243,456,191,672284,76,304
0,3,10,1024,5000,10566460,10574980,9719289,9736531.74,9796818.85,9879841.9,11288567.3,11366307.45,11422807.57,11446700,510347,378,155,10574446,375,146,10565980,1,1076
0,3,10,16384,5000,12083750,29376541,11469698,11484799.03,11533606.35,11599678.8,87497020.9,102516947.9,117479320.62,119616801,30905155,21590719,27,7785793,159267,21,11696065,1,82
0,3,10,1024,6000,11808164,11813686,11277041,11290092.78,11328543.9,11376829.8,12252666.3,12278786.55,12304288.61,12320563,318376,3845,123,11809717,387,131,11807653,0,988
0,3,10,16384,6000,12231064,12225729,11820219,11829838.46,11857724.8,11894408.9,12534597.9,12547592.45,12567289.48,12570271,235625,134325,21,12091382,1127,19,12113631,11,741
0,3,10,1024,8000,12448188,12435248,12141621,12149045.78,12178997.9,12200659.0,12621591.1,12630954.0,12641021.7,12647945,147627,54553,128,12380566,479,118,12420749,0,966
0,3,10,16384,8000,12020939,12036507,11892230,11898661.44,11908976.8,11909974.7,12189244.3,12197543.0,12207973.11,12212757,111657,375543,15,11660948,372570,14,11645339,11,760
0,3,10,1024,10000,12796459,12804869,12752087,12752956.74,12755364.1,12757315.4,12870851.9,12878078.3,12886575.26,12893088,43402,138596,107,12666166,615,82,12755682,0,946
0,3,10,16384,10000,12592275,12592866,12511599,12525108.63,12546867.95,12551929.3,12639035.7,12646862.05,12653900.31,12657316,32272,605097,13,11987754,608505,13,11982924,11,735
0,3,10,1024,15000,12870308,12888835,12631000,12637526.04,12709137.8,12760724.2,13001031.0,13002343.3,13018629.56,13023433,98072,401204,51,12487580,406657,32,12460594,0,958
0,3,10,16384,15000,13067783,13065627,12880096,12889798.7,12925646.5,12964309.8,13143197.3,13154480.3,13167887.36,13170125,62683,937504,12,12128110,946529,11,12124027,11,722
0,3,10,1024,18000,12947077,12949409,12654786,12658504.12,12701751.8,12770022.5,13121886.5,13145304.8,13169604.22,13181167,125498,561422,52,12387934,565160,31,12384045,0,958
0,3,10,16384,18000,12984903,12977733,12764401,12794981.79,12830226.65,12860497.0,13075137.0,13087560.75,13123539.22,13131287,77646,1075626,12,11902094,1084525,12,11903309,11,730
0,3,10000,1024,500,1563,7580,197,376.0,405.0,454.0,22366.000000000007,25098.79999999999,28457.36,32972,8925,334,73,7172,346,71,1139,0,498
0,3,10000,16384,500,3007,8476,212,401.0,421.0,484.0,24110.399999999998,26857.29999999999,31166.02,36574,9622,351,75,8048,365,72,2587,7,498
0,3,10000,262144,500,460318,1535309,751,826.0,864.65,883.0,4569076.300000001,5081666.649999999,5499371.08,5606815,1833785,459,193,1534655,460,182,459667,75,303
0,3,10000,1024,800,2728,7070,125,190.66000000000003,323.0,363.0,20040.4,22322.699999999997,25656.38,30543,8005,239,68,6762,250,66,2415,0,796
0,3,10000,16384,800,3463,39222,155,214.0,346.0,389.0,26213.799999999996,124241.99999999863,944824.6200000002,1148372,151662,244,75,38902,257,72,3135,12,794
0,3,10000,262144,800,814758,1724580,750,831.99,864.0,880.0,4895396.100000001,5418515.899999999,5838606.600000001,5945473,1956536,451,193,1723934,453,174,814116,75,303
0,3,10000,1024,1000,1518,6326,109,191.0,281.0,296.0,18323.600000000006,21038.0,26076.880000000005,34271,7551,219,66,6040,241,66,1221,0,994
0,3,10000,16384,1000,7049,365337,138,209.0,301.0,336.0,1790600.5999999996,2582192.599999999,3201814.0,3350241,820961,227,71,365039,251,72,6742,15,991
0,3,10000,262144,1000,526343,1577866,695,829.0,870.0,886.0,4658200.500000001,5178849.75,5600065.24,5704090,1869190,463,202,1577199,465,188,525690,75,302
0,3,10000,1024,2000,16856,1215815,87,101.0,106.0,109.0,4074520.6,4635940.999999999,5090979.32,5203325,1648674,57,22,1215735,55,20,16786,1,1973
0,3,10000,16384,2000,3603670,3635954,219881,280893.22,541765.3,870478.2000000001,6453859.8,6837289.899999999,7122234.28,7196356,2014005,66,25,3635862,61,22,3603580,30,1922
0,3,10000,262144,2000,887736,1774198,795,855.0,889.0,906.0,4998148.000000001,5512370.55,5932680.84,6039078,1994394,409,236,1773551,412,219,887156,75,302
0,3,10000,1024,3000,4393711,4481919,1747214,1790599.08,1962736.8,2245438.0,6917637.8,7254345.499999999,7524060.3,7597005,1692964,51,21,4481847,51,19,4393640,2,2471
0,3,10000,16384,3000,6216660,6270147,4238623,4277643.38,4423917.1,4613052.4,8016067.6,8239446.8,8417035.26,8465185,1226176,62,23,6270062,61,22,6216573,26,1689
0,3,10000,262144,3000,1155801,1891954,776,840.0,869.0,890.0,5152140.100000001,5685461.35,6122822.470000001,6228625,2047486,453,187,1891313,457,169,1138654,76,304
0,3,100000,1024,5000,10285612,10295769,9416880,9433045.57,9505464.3,9587367.7,11025818.4,11136103.05,11216960.1,11238320,511839,376,152,10295240,374,149,10285049,1,1103
0,3,100000,16384,5000,10995168,11006818,10312418,10326370.69,10382296.75,10452076.6,11573344.5,11651412.65,11704634.32,11732141,407853,70052,29,10936736,728,22,10994730,12,812
0,3,100000,262144,5000,12890121,12864491,12752068,12767765.23,12773632.1,12794423.4,12907874.8,12910504.5,12913020.03,12914869,45632,834091,49,12030350,861358,47,12031048,61,247
0,3,100000,1024,6000,10999595,11027046,10340545,10353860.33,10407297.3,10453349.6,11653182.4,11714346.0,11785027.02,11801896,425763,3555,131,11023359,379,137,10999084,1,1061
0,3,100000,16384,6000,11245790,11254739,10759404,10763191.62,10791827.8,10837882.5,11680978.8,11744733.05,11785218.25,11800079,304618,125222,24,11129491,1169,20,11231664,12,804
0,3,100000,262144,6000,12633715,12635643,12509280,12511915.04,12516931.9,12537247.5,12731443.6,12748109.0,12754936.0,12758771,72706,857455,52,11778135,857753,49,11776463,63,252
0,3,100000,1024,8000,11694317,11667270,11360552,11366032.3,11389818.9,11420312.2,11869449.2,11937157.2,11987537.27,12000094,168523,39446,119,11627703,390,131,11671011,1,1024
0,3,100000,16384,8000,11737293,11741257,11433645,11440551.48,11462169.75,11478721.8,12015095.8,12057304.5,12082542.6,12100334,190104,396274,15,11344967,402303,14,11335387,12,788
0,3,100000,262144,8000,12938937,12959746,12759981,12762593.31,12779333.85,12786584.5,13184144.5,13210420.0,13236458.79,13241654,146862,824979,51,12134714,821969,49,12117240,60,243
0,3,100000,1024,10000,11841987,11865582,11627965,11632592.21,11642349.7,11654403.4,12114880.0,12155900.6,12193104.58,12202931,168535,117232,103,11748246,574,78,11747545,1,1029
0,3,100000,16384,10000,12284369,12283589,12092795,12097004.12,12109819.6,12124694.6,12462179.5,12481008.0,12493791.04,12500383,118655,638400,13,11645175,643114,12,11640727,11,762
0,3,100000,262144,10000,12900642,12891878,12755003,12770465.86,12776229.0,12794753.5,12983698.5,12992364.05,13009745.46,13013422,71919,796350,48,12095479,802544,45,12099003,61,247
0,3,100000,1024,15000,12109707,12126598,12071539,12072958.66,12076360.3,12080060.3,12201079.8,12224498.75,12243197.47,12249415,47738,418060,54,11708483,425869,32,11678777,1,1025
0,3,100000,16384,15000,12226966,12229877,12200804,12205077.0,12213581.0,12215487.0,12248237.0,12251962.0,12254194.0,12256049,12375,1358776,14,10871086,1032969,14,11191027,12,774
0,3,100000,262144,15000,12798354,12840521,12653022,12656040.26,12678791.1,12685471.6,13054651.7,13092466.5,13116868.79,13121996,135437,878563,49,11961908,879027,47,11919564,61,245
0,3,100000,1024,16000,12592566,12623011,12495517,12499347.56,12508220.85,12518465.7,12787280.3,12832442.2,12851060.47,12853929,100878,414128,59,12208823,419915,36,12173399,0,974
0,3,100000,1024,17000,12579071,12614998,12534977,12538594.17,12544296.85,12549506.7,12733303.0,12760076.1,12785630.83,12787524,72566,468722,48,12146228,475621,28,12097347,0,983
0,3,100000,1024,18000,12297861,12304169,12265316,12267596.34,12272077.85,12276866.6,12346126.4,12350739.05,12354881.83,12358876,24922,487763,50,11816356,493193,31,11779658,0,1018
0,3,100000,16384,18000,12458020,12459917,12435585,12438043.73,12444052.7,12446623.6,12476076.1,12477509.45,12480699.48,12505220,11578,993192,14,11466710,1008776,12,11456103,11,765
0,3,100000,1024,20000,12292661,12279672,12185380,12187553.56,12193027.8,12197461.6,12346304.3,12367978.1,12376100.61,12379527,55199,590295,47,11689328,595554,34,11696575,0,1022
0,3,100000,1024,25000,12504277,12523672,12445712,12447706.95,12449829.9,12454063.9,12631768.2,12648133.1,12686866.83,12691706,67304,712811,54,11810806,718465,30,11785136,0,1008
0,3,100000,1024,28000,12491909,12470002,12313390,12315094.73,12318623.0,12321835.8,12623652.3,12642664.15,12669987.83,12675202,112454,822460,57,11647485,827531,33,11663672,0,1014
0,3,100000,1024,30000,12587405,12618848,12381849,12383596.78,12386837.55,12408309.9,12925349.8,12972798.1,13010597.83,13016202,189751,858583,61,11760203,866150,29,11721238,0,991
1,1,10,1024,500,18466,20903,159,379.0,445.0,455.0,47444.4,51863.09999999999,58265.380000000005,66672,18223,341,69,20492,349,67,18051,0,498
1,1,10,16384,500,13921,18586,214,403.0,478.0,493.0,47669.799999999996,53731.59999999997,59674.72,64297,18392,364,74,18148,373,70,13458,7,498
1,1,10,262144,500,4713,9349,788,854.0,885.0,901.0,25034.4,27645.749999999996,30327.38,35975,9724,475,197,8677,478,188,4003,75,302
1,1,10,1024,800,16271,18706,114,268.0,348.0,356.0,42524.5,48211.299999999996,56160.29999999998,65069,16584,238,67,18401,249,65,15970,0,796
1,1,10,16384,800,18834,21484,149,282.65999999999997,376.0,391.0,49002.2,53647.59999999999,60663.020000000004,67135,18911,243,77,21163,256,79,18528,12,796
1,1,10,262144,800,17448,20613,767,832.33,866.0,883.0,48498.00000000002,53549.299999999996,60027.69000000004,64132,18466,459,171,19981,462,165,16801,76,306
1,1,10,1024,1000,13503,15824,137,188.0,295.0,361.0,36216.4,42369.99999999997,51413.920000000006,65068,14386,227,69,15527,251,69,13187,0,995
1,1,10,16384,1000,17527,19435,140,224.0,319.0,376.0,43612.6,47259.59999999999,52331.14,59108,16586,233,69,19131,255,68,17195,15,991
1,1,10,262144,1000,21666,23829,622,826.0,866.0,887.3,52689.40000000001,56491.549999999996,60345.37,65982,19681,452,173,23203,457,167,21042,76,306
1,1,10,1024,2000,7904,9464,90,101.0,105.0,111.0,22193.4,24683.79999999999,31323.860000000004,45428,8886,54,24,9386,52,24,7824,1,1989
1,1,10,16384,2000,5956,8305,103,119.0,123.0,125.0,21143.0,23254.399999999987,26406.800000000003,30964,8405,62,22,8220,59,21,5869,30,1982
1,1,10,262144,2000,14771,18037,741,841.33,879.0,896.0,42876.600000000006,47654.85,53713.5,60096,16508,456,193,17387,458,185,14131,75,303
1,1,10,1024,3000,4168,6729,86,97.0,102.0,106.0,17588.200000000004,20132.699999999997,25564.68,33760,7310,49,24,6655,49,23,4093,2,2980
1,1,10,16384,3000,4112,6409,78,116.0,122.0,124.0,16741.8,18686.699999999997,22052.460000000003,49005,6779,62,23,6324,58,22,4022,45,2923
1,1,10,262144,3000,8732,13222,771,838.33,871.0,884.0,32392.30000000001,39431.95,51278.47,62087,13623,459,185,12577,462,182,8094,76,304
1,1,10,1024,5000,3137,21970,529,570.0,628.0,652.0,70410.50000000134,161014.35,241181.34,262988,51110,373,140,21456,377,135,2627,4,4998
1,1,10,16384,5000,1274177,1283047,573746,587955.7,642341.15,712136.2,1864391.4,1926959.95,1967023.32,1988552,418981,66274,24,1216748,799,20,1273699,60,3886
1,1,10,1024,6000,52617,112786,590,643.0,665.0,684.0,365346.0,428326.75,485319.3,504131,140561,5066,117,107602,382,129,52087,5,5969
1,1,10,16384,6000,246893,281572,409,641.98,1125.95,1810.0,652099.8,700814.6,738861.08,749524,246000,165667,20,115884,4293,17,123042,93,6002
1,1,10,1024,8000,2387096,2342247,2052664,2059127.66,2086370.65,2119807.0,2482513.4,2534598.75,2577001.01,2587304,142376,70514,123,2271609,371,122,2261584,3,3584
1,1,10,16384,8000,679522,676579,415022,418554.62,437283.7,460552.1,896026.7,923048.2999999999,943715.07,951617,158615,417314,13,259251,421559,12,258202,93,6005
1,1,10,1024,10000,681525,723606,589322,593648.33,610394.75,620433.3,883271.8,908687.4,934254.43,943102,100512,164080,93,559432,22438,89,608841,6,6937
1,1,10,16384,10000,940322,945875,824667,827697.72,833060.75,840064.1,1063561.2,1079552.55,1090631.51,1096541,81339,699126,14,246734,702572,13,237868,84,5402
1,1,10,1024,15000,1160586,1162448,1137332,1139266.82,1142660.2,1145315.1,1186406.8,1191211.7499999995,1202924.77,1207680,14688,365979,71,796397,371355,31,792420,6,6419
1,1,10,16384,15000,1252049,1256480,1195089,1196544.96,1201033.6,1204965.8,1311248.3,1317404.9,1324347.01,1327233,46132,976236,13,280230,990202,12,262293,79,5070
1,1,10,1024,18000,1290811,1268071,1179157,1180956.17,1183609.9,1186020.9,1327051.8,1348596.1,1354106.61,1356956,55112,580834,55,687181,589147,38,705873,6,6368
1,1,10,16384,18000,1424704,1416877,1346784,1357564.93,1361543.9,1369641.5,1463066.9,1473380.2,1477119.12,1488242,34011,1172614,14,244248,1184706,13,243766,76,4888
1,1,10000,1024,500,2726,7954,211,374.0,410.0,460.0,22536.4,25399.0,30787.02,36750,9121,341,73,7539,351,69,2315,0,498
1,1,10000,16384,500,542,6927,225,392.0,458.0,483.0,21363.799999999996,24460.499999999993,28380.540000000005,33069,8607,357,77,6492,368,76,81,7,498
1,1,10000,262144,500,937,4868,738,836.0,864.65,880.0,16036.600000000002,18866.299999999996,21288.690000000002,24628,6232,467,175,4225,469,166,286,76,305
1,1,10000,1024,800,2099,6493,108,184.0,306.0,348.0,18680.200000000004,21101.699999999997,23957.04,32569,7478,237,68,6187,249,67,1791,0,796
1,1,10000,16384,800,16602,37182,355,464.99,502.0,517.0,105493.1,117834.54999999997,134259.36000000002,155099,42588,482,49,36649,468,40,16026,12,800
1,1,10000,262144,800,3753,8774,753,845.33,876.65,889.0,23913.000000000007,26461.35,29923.65000000001,36477,9357,462,189,8121,463,184,3106,76,305
1,1,10000,1024,1000,2516,7403,106,186.66000000000003,282.0,306.60000000000036,20943.0,24310.0,29616.34,38383,8657,223,69,7109,244,68,2204,0,994
1,1,10000,16384,1000,1235,6097,124,199.0,269.0,317.0,17978.8,20822.399999999976,23905.02,26308,7284,227,67,5802,251,66,927,15,993
1,1,10000,262144,1000,947,5926,754,835.33,866.0,883.0,18714.900000000012,21608.8,25710.460000000003,30185,7366,465,195,5265,462,187,280,75,303
1,1,10000,1024,2000,127,4787,89,101.0,105.0,108.0,15256.400000000001,18299.699999999997,23214.440000000002,30734,6526,57,21,4708,55,20,45,1,1984
1,1,10000,16384,2000,2176,5582,99,119.0,122.0,124.0,16022.0,17805.699999999997,19936.06,24174,6433,61,23,5497,57,21,2093,30,1980
1,1,10000,262144,2000,982,6651,761,822.0,854.0,870.0,19751.80000000001,22492.949999999997,25874.83,31511,7768,459,192,6000,462,188,297,76,304
1,1,10000,1024,3000,119,5068,83,96.0,100.0,102.0,15835.800000000003,19967.399999999994,25717.480000000003,46277,7075,51,21,4996,52,19,44,2,2963
1,1,10000,16384,3000,2570,5393,77,120.0,126.0,129.0,14776.199999999999,16521.1,21758.72,47899,6155,59,26,5307,55,25,2481,45,2908
1,1,10000,262144,3000,947,5524,602,718.66,825.0,851.0,16009.0,18293.5,21250.15,25694,6267,452,167,4904,456,162,301,76,307
1,1,100000,1024,5000,1000684,1020758,77828,95420.74,167479.7,257174.7,1799380.6,1900388.45,1986471.52,2009013,562541,387,145,1020225,375,142,1000157,4,4858
1,1,100000,16384,5000,1705005,1711324,985446,1009853.7,1066056.55,1136292.9,2292454.8,2355713.0,2398358.47,2419155,420254,88307,23,1622993,818,20,1704312,52,3337
1,1,100000,262144,5000,1464124,1446403,1342945,1345976.16,1353287.05,1362642.8,1513217.7,1517657.1,1522276.35,1525129,54892,917615,50,528737,937266,49,534414,399,1599
1,1,100000,1024,6000,966204,970182,262765,277426.47,319853.4,389352.4,1563676.6,1645904.8,1718164.52,1734754,427804,4804,117,965259,390,127,965691,5,5364
1,1,100000,16384,6000,265919,283450,417,598.0,864.95,1181.8000000000002,619656.1,673997.15,709153.3200000001,728147,222366,179642,19,103788,26073,17,91376,93,5961
1,1,100000,262144,6000,1525321,1521589,1384086,1393598.51,1402828.5,1412835.1,1617805.0,1640104.0,1668854.71,1672730,75064,949368,49,572171,955273,49,570415,392,1568
1,1,100000,1024,8000,1521038,1532170,1097583,1105430.56,1136631.9,1177672.6,1898596.4,1954283.5,2003615.1,2016765,267132,57913,110,1474147,400,123,1520595,4,4823
1,1,100000,16384,8000,1978708,1986098,1656067,1661102.0,1686623.0,1718187.0,2266491.0,2290288.0,2304023.0,2314074,199239,407824,13,1578260,411850,12,1566823,53,3440
1,1,100000,262144,8000,2842892,2836476,2693086,2696688.67,2706261.85,2729742.6,2917153.8,2922868.9,2928680.91,2932368,65729,908373,52,1928050,907018,48,1935901,245,980
1,1,100000,1024,10000,1861864,1876272,1634044,1638117.33,1655516.95,1667619.6,2112900.8,2143871.4,2169944.94,2179564,160155,138956,86,1737229,624,75,1728971,4,4492
1,1,100000,16384,10000,901674,925952,837006,839537.6,843851.05,850125.6,1038714.2000000001,1053720.1,1061122.56,1071625,67601,688168,13,237770,704867,13,191088,83,5354
1,1,100000,262144,10000,2787036,2789098,2669354,2672524.58,2680282.45,2698898.5,2868898.1,2874649.95,2881317.22,2885173,59448,865994,48,1923055,865106,46,1922353,248,995
1,1,100000,1024,15000,1013000,1004228,932385,942480.78,946471.95,950362.7,1045439.7,1049693.1,1052133.27,1056174,37452,446157,48,558022,450825,33,515949,6,6883
1,1,100000,16384,15000,1194933,1219250,1169308,1174720.39,1180469.95,1183083.9,1311698.0,1313639.15,1316549.28,1318691,46871,997878,14,221357,1008642,14,178139,79,5057
1,1,100000,262144,15000,2840560,2840625,2760942,2763687.17,2769135.2,2775768.2,2917321.7,2925087.1,2932338.08,2936208,49237,830442,50,2010132,829536,48,2010785,246,984
1,1,100000,1024,16000,6208079,6228913,6180463,6181440.39,6182284.95,6183132.8,6303978.4,6317600.15,6332741.44,6336954,46821,5437524,61,791328,5445151,30,757645,1,1894
1,1,100000,1024,17000,1126106,1178382,1083968,1085556.24,1088342.85,1090728.6,1364949.5,1382187.75,1398411.22,1400572,99147,579230,64,599087,586390,35,538970,5,6111
1,1,100000,1024,18000,2430813,2434752,2412366,2414823.56,2417181.95,2419039.8,2452755.9,2465659.25,2470041.27,2472601,13783,551740,48,1882963,558426,29,1870191,4,4156
1,1,100000,16384,18000,1343799,1382936,1309090,1314555.38,1320041.7,1322647.9,1519557.8,1521801.65,1524623.27,1526185,73144,1193269,13,189653,1207740,13,135948,75,4805
1,1,100000,1024,20000,2987775,2997537,2963462,2965544.39,2970004.9,2975604.9,3042484.1,3051699.05,3060442.08,3076428,24304,639310,47,2358178,651701,29,2338112,3,3564
1,1,100000,1024,25000,3046558,3070447,3026742,3028728.95,3030025.95,3030969.8,3155753.3,3171871.15,3185335.83,3188149,45948,746660,47,2323739,749315,31,2297232,3,3585
1,1,100000,1024,28000,1448770,1437733,1257207,1260480.56,1264660.75,1270863.4,1618614.3,1638043.1,1653467.83,1658589,133250,766522,45,671166,772762,29,676041,6,6251
1,1,100000,1024,30000,2822659,2839777,2690299,2693608.95,2695045.95,2696403.6,3022541.3,3042197.15,3059037.83,3064811,123068,819856,45,2019874,828525,27,1995312,3,3803
1,3,10,1024,500,19083,21511,188,387.0,447.0,460.0,48641.3,53042.84999999998,59046.659999999996,72876,18618,336,71,21103,345,68,18690,0,498
1,3,10,16384,500,16804,19988,241,392.0,469.0,487.0,47082.8,51309.0,57471.48,74460,18222,346,71,19570,357,68,16380,7,498
1,3,10,262144,500,1475093,2111532,747,805.3199999999999,846.0,885.3,5472191.100000001,5947744.3,6331693.86,6427945,2155672,409,180,2110941,411,167,1474490,77,310
1,3,10,1024,800,17194,19201,158,284.66,356.0,363.0,42593.200000000004,48240.69999999997,56712.600000000006,65674,16459,239,69,18892,251,68,16878,0,795
1,3,10,16384,800,11120,46888,147,224.0,357.0,395.0,44506.4,155793.2999999987,975583.66,1174650,156509,237,77,46574,257,74,10809,12,794
1,3,10,262144,800,1360202,2030713,775,832.0,882.0,959.6,5382165.700000001,5885454.05,6315878.84,6420311,2126102,449,188,2030075,452,171,1359672,76,305
1,3,10,1024,1000,16200,18125,144,251.0,304.0,366.0,40254.8,45853.89999999998,55019.380000000005,66293,15534,222,70,17832,244,69,15921,0,993
1,3,10,16384,1000,21441,444385,143,209.66,323.0,346.0,2123691.5999999996,2893915.199999999,3520207.98,3672681,929669,210,71,444102,219,69,21155,15,991
1,3,10,262144,1000,1164419,1917681,748,816.33,853.65,885.3,5169199.600000001,5668959.649999999,6074846.8100000005,6178458,2051214,416,187,1917076,413,170,1163845,76,307
1,3,10,1024,2000,903047,1729819,91,104.0,113.0,132.0,4842987.6,5381052.2,5804921.88,5912714,1925718,57,22,1729739,54,20,902964,1,1974
1,3,10,16384,2000,3992903,3999217,568860,635779.31,903861.2,1219589.2,6758610.7,7121125.8,7406638.199999999,7472458,2010894,63,25,3999127,61,22,3992814,28,1852
1,3,10,262144,2000,937608,1815071,803,872.66,909.0,944.0,5066276.700000001,5556340.1,5957388.09,6056574,2012300,466,203,1814401,467,187,936937,75,301
1,3,10,1024,3000,4978817,5222313,2883529,2932532.61,3096435.7,3305788.7,7373964.2,7672268.649999999,7919155.079999999,7982604,1471656,53,22,5222237,53,20,4978738,2,2243
1,3,10,16384,3000,6745253,6723924,4711457,4727290.28,4872084.3,5062734.0,8371863.399999999,8591865.4,8764204.98,8810444,1195818,61,22,6723840,60,21,6745174,25,1613
1,3,10,262144,3000,844803,1748037,801,843.0,875.0,898.0,4923479.100000001,5419639.149999999,5865172.470000001,5973262,1965036,455,181,1747400,455,166,844169,76,305
1,3,10,1024,5000,10845093,10817001,9977876,9995280.37,10063833.7,10155125.7,11454630.8,11514071.3,11554050.04,11572242,464821,375,155,10816470,373,150,10844590,1,1054
1,3,10,16384,5000,11143312,11181228,10608459,10622779.69,10678824.2,10748887.5,11674139.9,11726144.4,11766897.16,11773166,338474,69682,26,11111519,702,20,11142669,12,793
1,3,10,1024,6000,11490913,11499140,11035752,11042094.8,11075246.5,11113636.5,11899996.5,11924001.25,11944573.9,11955643,284326,1355,132,11497652,382,137,11490403,0,1005
1,3,10,16384,6000,11955818,11944154,11545297,11549952.62,11582311.25,11620955.0,12233793.2,12244793.1,12262052.33,12268964,227343,148524,22,11795607,1206,19,11813633,11,756
1,3,10,1024,8000,11869327,11853532,11523437,11538446.46,11570110.9,11597673.9,12074967.2,12086562.1,12103859.66,12112434,166514,59168,117,11794246,400,127,11824302,0,1010
1,3,10,16384,8000,11968832,11969921,11709718,11716444.0,11733265.0,11758175.0,12174865.0,12185552.0,12198077.0,12204558,154109,385827,14,11584079,385046,13,11582389,12,771
1,3,10,1024,10000,12267186,12278968,12209286,12210156.37,12212632.7,12214505.7,12358193.4,12364668.3,12372088.52,12376702,55567,137766,107,12141094,726,83,12213537,0,984
1,3,10,16384,10000,12543389,12538793,12446989,12449703.99,12455447.7,12462891.5,12608100.1,12612739.5,12620184.08,12623441,53667,619084,12,11919696,625709,12,11920878,11,743
1,3,10,1024,15000,12863775,12875236,12682554,12721102.46,12753424.15,12794469.6,12969771.7,12993292.95,13010288.13,13012608,66396,398273,52,12476909,406215,30,12461599,0,959
1,3,10,16384,15000,13386959,13380353,13174123,13211265.72,13252511.3,13284060.2,13460558.9,13474230.65,13482554.18,13489383,66260,900459,13,12479880,911873,12,12477455,11,706
1,3,10,1024,18000,13155261,13150958,12915186,12944714.56,12975389.8,13017593.5,13266101.6,13286139.5,13291622.1,13294169,103188,511885,48,12639024,518351,31,12636910,0,950
1,3,10,16384,18000,13053259,13065347,12742105,12751761.0,12803440.0,12884372.0,13220435.0,13223129.0,13226852.0,13242934,126957,1077064,13,11988268,1086684,12,11967426,11,724
1,3,10000,1024,500,2204,7488,196,353.0,396.0,424.0,21604.4,24294.399999999994,27945.460000000003,36883,8650,324,73,7091,340,70,1808,0,498
1,3,10000,16384,500,3960,8787,152,389.0,424.30000000000007,473.0,24546.8,27118.099999999984,29782.120000000003,38629,9668,345,71,8369,358,68,3539,7,498
1,3,10000,262144,500,899105,1764258,790,829.0,856.0,872.0,4948208.600000001,5460802.6,5875632.41,5982769,1974839,453,186,1763619,453,168,898489,76,305
1,3,10000,1024,800,1507,6769,126,185.0,312.0,352.0,19813.4,22340.399999999994,27372.02,36459,8069,234,67,6468,246,66,1210,0,796
1,3,10000,16384,800,427,33766,143,220.0,333.0,375.0,22150.199999999997,47788.999999998676,878284.3800000001,1078563,138773,240,74,33452,252,69,95,12,795
1,3,10000,262144,800,1095887,1867813,727,818.0,860.0,890.0,5122755.500000001,5627456.8,6054910.100000001,6163769,2039080,440,193,1867179,447,170,1095275,76,305
1,3,10000,1024,1000,3380,7524,113,188.0,277.0,296.0,20565.000000000007,23810.699999999997,29796.600000000006,36593,8518,216,66,7241,240,66,3085,0,994
1,3,10000,16384,1000,10199,423194,140,207.0,314.30000000000007,339.0,2053908.3999999997,2821744.999999999,3444064.3800000004,3592238,908347,218,75,422899,243,75,9895,15,990
1,3,10000,262144,1000,800183,1697834,779,834.33,867.0,888.0,4818011.700000001,5332905.899999999,5759724.96,5868474,1927176,450,183,1697201,452,167,799549,76,305
1,3,10000,1024,2000,79510,1274562,105,115.0,121.0,125.0,4118014.6000000006,4674532.8999999985,5134618.0200000005,5246326,1659118,58,26,1274476,57,24,79416,1,1984
1,3,10000,16384,2000,3531629,3539405,140700,207395.67,457464.10000000003,788153.1,6337858.7,6698702.15,6998084.46,7063821,2003756,65,30,3539309,59,26,3531545,30,1927
1,3,10000,262144,2000,514042,1570580,798,870.0,898.0,911.0,4609149.500000001,5097726.2,5522564.09,5628066,1854226,463,205,1569911,465,193,513364,75,301
1,3,10000,1024,3000,4408340,4533742,1927089,1975806.76,2136525.0,2359060.4,6909090.0,7250677.699999999,7520145.56,7587542,1647109,52,23,4533666,52,19,4408270,2,2433
1,3,10000,16384,3000,6228575,6253320,4249598,4288815.7,4436004.3,4635920.2,7925012.2,8152252.1,8327275.98,8376525,1177968,60,24,6253235,60,22,6228495,26,1688
1,3,10000,262144,3000,884950,1771287,717,842.0,881.65,902.0,4979727.9,5482961.1,5924263.32,6027537,1986743,461,204,1770621,463,189,884300,75,301
1,3,100000,1024,5000,10834200,10853373,10054459,10069493.74,10126689.7,10201398.7,11541432.4,11644077.3,11729877.83,11751030,484712,367,148,10852857,360,145,10833729,1,1048
1,3,100000,16384,5000,10902407,10892047,10266871,10273017.92,10295211.3,10349786.1,11426314.1,11506001.1,11560384.2,11585640,387797,71929,27,10820090,744,22,10901959,12,815
1,3,100000,262144,5000,12613901,12594468,12502619,12505342.27,12524632.85,12529872.9,12625382.6,12627548.85,12629764.74,12631490,35888,817538,50,11776880,839492,48,11781647,63,252
1,3,100000,1024,6000,11056200,11023378,10434196,10447610.39,10487057.8,10546494.9,11439895.3,11526745.2,11597452.44,11616421,332391,1143,147,11022087,383,140,11055697,1,1053
1,3,100000,16384,6000,11184988,11184196,10658746,10669799.44,10702556.4,10756581.0,11633140.0,11675009.9,11712871.46,11735218,312745,168749,21,11015424,2214,19,11092117,12,810
1,3,100000,262144,6000,12977006,12970385,12823042,12825978.96,12853394.05,12857866.8,13084350.1,13101313.25,13107395.47,13111054,85474,862473,49,12107861,856678,47,12121259,61,245
1,3,100000,1024,8000,11683560,11685953,11309470,11317300.43,11348437.3,11388205.3,12012475.7,12064573.4,12114826.68,12124945,221922,58907,134,11626910,392,138,11682997,1,1027
1,3,100000,16384,8000,11668442,11665887,11339368,11346375.54,11368771.85,11402059.2,11951650.6,11973962.6,11998369.31,12015025,195546,332310,17,11333560,322460,15,11344586,12,793
1,3,100000,262144,8000,12928092,12939758,12752765,12768708.87,12775754.6,12795966.5,13095357.8,13103763.45,13111726.74,13115761,120003,879381,52,12060323,879686,48,12048419,61,245
1,3,100000,1024,10000,11460782,11488461,11239930,11244406.47,11258114.35,11269532.0,11757528.2,11785182.45,11821830.23,11831761,175113,146976,107,11341376,2108,87,11332438,1,1060
1,3,100000,16384,10000,11927723,11949977,11863388,11865447.0,11872304.0,11879392.0,12057899.0,12078938.0,12092084.0,12104877,65289,605904,13,11344059,613594,12,11301174,12,775
1,3,100000,262144,10000,12652923,12649468,12507345,12510076.52,12532323.45,12540119.8,12761108.2,12767279.5,12781026.82,12784795,78809,868078,53,11781336,864888,49,11788676,62,251
1,3,100000,1024,15000,12507438,12500200,12438349,12440674.08,12446036.8,12451017.8,12536997.0,12541468.2,12548641.28,12550301,34417,339617,53,12160529,342557,33,12103477,0,992
1,3,100000,16384,15000,12360308,12368578,12326982,12329249.83,12332795.4,12337133.9,12412120.1,12419739.3,12426454.3,12433833,28298,888725,13,11479839,897785,12,11454026,12,768
1,3,100000,262144,15000,12655159,12653049,12501727,12506149.92,12525928.55,12531107.1,12767218.4,12780996.0,12788637.21,12792646,84049,865769,52,11787226,866610,50,11788756,62,251
1,3,100000,1024,16000,16305178,16321776,16264582,16265872.78,16268306.9,16272257.9,16400927.2,16418773.15,16433662.05,16437516,47602,15418302,46,903426,15420872,28,885875,0,779
1,3,100000,1024,17000,12521051,12550401,12478145,12481676.56,12489167.9,12492939.7,12653142.2,12680557.05,12706281.22,12708502,63997,533970,46,12016384,540617,32,11964411,0,988
1,3,100000,1024,18000,12575545,12601067,12545747,12548314.78,12551921.85,12554229.0,12712358.1,12766681.1,12795552.61,12798540,61862,576349,48,12024669,581684,29,11982181,0,985
1,3,100000,16384,18000,12340054,12342292,12277187,12281077.0,12285710.0,12287520.0,12398952.0,12400749.0,12403182.0,12405048,42511,1037243,12,11305036,1043420,12,11293256,12,771
1,3,100000,1024,20000,12341274,12347657,12307204,12309182.17,12313893.0,12318424.8,12393282.3,12424392.1,12432370.61,12435817,31881,559823,51,11787782,568274,29,11753705,0,1018
1,3,100000,1024,25000,12843347,12902366,12782424,12783514.34,12785539.85,12787445.7,13066356.3,13082720.1,13108361.83,13111237,111546,746632,49,12155685,751502,30,12090999,0,977
1,3,100000,1024,28000,12888780,12918638,12766945,12768835.73,12791111.95,12792620.9,13099448.3,13138462.15,13155855.83,13160360,111772,766139,48,12152450,774299,31,12115745,0,978
1,3,100000,1024,30000,12952059,12998711,12784770,12786450.34,12788572.95,12810082.6,13246161.3,13313879.15,13332388.88,13358087,166674,854105,47,12144558,861955,31,12090038,0,966
2,1,10,1024,500,19158,21540,182,382.0,453.0,463.0,48493.4,53432.499999999985,59748.34,65910,18634,344,72,21123,352,70,18731,0,498
2,1,10,16384,500,18839,21593,214,386.0,441.0,475.0,49546.4,53841.0,60445.7,68383,19054,343,72,21176,358,69,18435,7,498
2,1,10,262144,500,12230,15666,761,820.33,859.0,873.0,37573.60000000001,41708.39999999999,47668.21000000001,54817,14660,450,168,15046,453,163,11634,77,308
2,1,10,1024,800,17719,19782,129,282.0,357.3000000000002,367.0,43841.8,49927.89999999998,58527.42,67688,16955,247,69,19464,256,68,17404,0,796
2,1,10,16384,800,17507,19974,154,303.0,378.0,386.0,45800.4,50088.099999999984,56203.7,65289,17641,252,73,19649,260,71,17176,12,795
2,1,10,262144,800,20830,23136,810,859.33,889.0,906.0,51374.90000000001,55724.049999999996,61365.380000000005,67229,19361,459,187,22489,461,182,20196,75,303
2,1,10,1024,1000,14251,16152,115,193.0,291.0,347.60000000000036,36478.00000000001,40622.399999999994,47353.32000000001,59759,14101,216,69,15866,242,68,13968,0,995
2,1,10,16384,1000,15010,17392,155,210.0,313.0,378.60000000000014,40462.799999999996,43795.7,47839.04,55128,15507,234,69,17088,257,69,14721,15,991
2,1,10,262144,1000,15610,18786,782,848.0,887.0,903.3,43986.100000000006,48663.4,54331.36000000001,60640,16915,456,172,18157,458,170,14957,76,305
2,1,10,1024,2000,5906,9310,92,101.0,104.0,107.0,20343.200000000004,23160.199999999924,83501.16,110020,13325,56,21,9233,54,20,5832,1,1974
2,1,10,16384,2000,68460,74506,115,126.0,134.0,145.9000000000001,160816.4,178034.84999999998,216677.87000000005,243753,61688,69,30,74407,64,22,68328,30,1946
2,1,10,262144,2000,20652,23115,752,863.33,899.0,916.0,51581.4,56174.25,60805.11,66171,19422,456,187,22471,460,182,20001,76,304
2,1,10,1024,3000,9894,22904,86,101.0,107.0,111.0,41821.60000000001,143760.1999999997,224092.26,256795,44782,49,24,22830,49,24,9818,2,2976
2,1,10,16384,3000,9840,20594,99,115.0,122.0,125.0,66896.4,111436.7,135009.72,147809,32205,58,22,20514,59,20,9756,46,2957
2,1,10,262144,3000,8265,13169,684,829.33,863.0,879.0,32425.800000000017,41812.799999999996,54283.16,62354,14036,460,183,12525,461,179,7628,75,303
2,1,10,1024,5000,596246,637598,488,595.37,650.0,681.0,1386024.3,1474878.3,1549765.52,1571901,511720,371,140,637086,376,137,595769,4,5001
2,1,10,16384,5000,15257,122943,211,443.98,585.0,741.0,432660.5,497996.25,540972.4,564997,172185,75898,25,47020,795,20,14449,78,5000
2,1,10,1024,6000,47241,116555,606,641.0,664.0,687.0,385688.0,447367.39999999997,510563.37,530349,150020,8229,117,108208,382,129,46537,5,5995
2,1,10,16384,6000,252288,285318,471,597.0,1002.95,1448.8000000000002,654278.9,703008.75,741180.07,757847,247260,166192,19,119106,4392,17,125117,92,5950
2,1,10,1024,8000,535653,573888,465534,473425.24,486273.30000000005,493340.8,736825.4,784020.5,828926.1399999997,838727,93775,51012,112,522763,389,122,520944,5,6126
2,1,10,16384,8000,609646,632205,461418,468706.47,476542.65,477360.9,846640.3,875421.4,897754.16,906583,140824,391951,14,240239,390388,13,217660,91,5840
2,1,10,1024,10000,1933661,1950693,1702658,1707051.66,1724345.55,1735819.1,2198779.8,2227997.4,2261925.69,2269087,165820,123465,96,1827131,617,84,1814105,4,4391
2,1,10,16384,10000,909540,918538,781556,786146.92,794658.9,803981.9,1052064.1,1069608.2,1081596.09,1089181,90436,675217,13,243307,678329,12,229160,87,5588
2,1,10,1024,15000,1060251,1065399,1025855,1038272.33,1041557.65,1044337.2,1092618.7,1095343.9499999997,1109038.01,1111083,18835,368156,47,697195,371616,32,686421,6,6670
2,1,10,16384,15000,1372787,1393335,1253468,1263564.61,1271472.65,1277811.6,1560311.1,1602932.0999999999,1608861.03,1610279,101536,973552,13,419768,978482,11,394604,68,4400
2,1,10,1024,18000,1297372,1263788,1164258,1167449.56,1171174.35,1174243.7,1334547.0,1354710.5999999999,1360941.6400000001,1364199,63925,532846,47,730894,538477,32,765389,6,6340
2,1,10,16384,18000,1362190,1376781,1285442,1293782.9,1297284.85,1303771.2,1475452.1,1492909.3,1510057.05,1512632,62560,1119615,13,257152,1126975,12,240150,75,4840
2,1,10000,1024,500,3094,7770,233,306.0,350.0,359.0,21962.4,24411.699999999997,27252.38,31059,8716,296,69,7404,325,66,2730,0,498
2,1,10000,16384,500,2791,8304,210,370.0,395.0,438.0,23817.4,26521.399999999998,29778.100000000002,37315,9482,339,76,7888,360,73,2374,7,498
2,1,10000,262144,500,917,4824,737,790.0,820.0,835.0,16154.300000000003,18773.849999999995,21157.210000000006,26254,6240,438,173,4212,447,164,285,77,309
2,1,10000,1024,800,393,5672,122,193.0,308.0,335.0,17790.20000000001,20771.299999999974,24522.06,35014,7290,235,72,5364,248,72,67,0,795
2,1,10000,16384,800,3453,8283,184,212.66,366.0,383.0,23353.799999999996,25953.99999999999,29460.660000000007,36492,9319,251,74,7956,261,73,3120,12,794
2,1,10000,262144,800,912,4523,694,787.33,822.0,844.0,15211.500000000015,17837.949999999997,21101.02,25759,5933,449,171,3901,456,162,282,76,307
2,1,10000,1024,1000,400,5618,117,182.0,279.0,294.0,17060.800000000003,19500.399999999994,24378.100000000002,34667,7017,225,70,5322,248,68,68,0,994
2,1,10000,16384,1000,1739,6985,123,206.66,291.0,324.0,20561.8,23813.699999999997,27283.68,32364,8312,229,67,6687,249,66,1434,15,994
2,1,10000,262144,1000,2550,8258,715,776.33,814.65,830.0,23156.5,25793.199999999997,29166.860000000004,32828,9090,412,173,7672,415,168,1907,77,310
2,1,10000,1024,2000,3688,8906,92,102.0,106.0,109.0,19534.4,28902.599999999977,78023.86,99772,14338,58,22,8825,56,20,3603,1,1973
2,1,10000,16384,2000,140,3746,110,121.0,124.0,126.0,13870.4,16218.699999999999,18738.34,23864,5651,66,25,3654,62,21,51,30,1983
2,1,10000,262144,2000,938,5499,754,823.33,858.0,875.0,17641.600000000006,20397.799999999996,24215.900000000005,29063,6935,458,195,4846,461,187,276,76,304
2,1,10000,1024,3000,115,4066,75,95.0,100.0,102.0,13742.200000000004,17679.699999999997,22874.100000000002,38904,6147,52,20,3993,52,19,41,2,2964
2,1,10000,16384,3000,137,3164,97,114.0,120.0,123.0,10793.199999999999,12339.0,13957.68,17990,4358,55,25,3083,56,22,55,46,2956
2,1,10000,262144,3000,956,6032,778,829.33,861.0,877.0,18694.5,21608.45,25438.870000000003,29917,7392,456,192,5384,459,187,287,76,304
2,1,100000,1024,5000,559434,603231,547,606.0,656.0,690.0,1334797.4,1445890.7,1533690.1300000001,1556340,502347,374,142,602714,375,138,558916,4,4999
2,1,100000,16384,5000,2489,99947,250,450.99,561.0,637.0,385059.7,454902.6,502457.4,523093,156120,71921,24,28001,785,20,1035,77,4988
2,1,100000,262144,5000,2820499,2812257,2750940,2753730.31,2759596.0,2767559.5,2830148.8,2832200.25,2835256.77,2837687,22176,882609,51,1929597,901465,49,1929345,244,979
2,1,100000,1024,6000,885,48459,580,625.0,662.0,679.0,210540.80000000057,278095.1,344382.35,358600,91468,8067,126,40266,387,134,273,5,6000
2,1,100000,16384,6000,1614293,1624369,1086191,1096530.92,1137497.9,1188130.4,2073500.8,2117668.0,2146214.63,2161836,320881,138979,19,1485370,1416,18,1570848,56,3632
2,1,100000,262144,6000,2769027,2762472,2644210,2652849.6,2670786.15,2696717.3,2830358.9,2839317.7,2856170.55,2859948,52785,823153,48,1939270,824149,47,1945263,248,995
2,1,100000,1024,8000,1999355,2002715,1574432,1581566.66,1611039.3,1644580.6,2373665.100000001,2428668.4,2477944.69,2490185,263073,60819,104,1941791,397,119,1998927,4,4116
2,1,100000,16384,8000,2442159,2444875,2114167,2119367.87,2138082.7,2167235.2,2734354.2,2770592.05,2789918.73,2807880,203310,431790,13,2013071,432743,12,2009135,46,2969
2,1,100000,262144,8000,2827748,2825640,2701458,2704607.53,2711432.65,2720487.7,2902850.6,2909276.1,2916663.1,2920895,61966,830831,49,1994760,829833,48,1997548,247,989
2,1,100000,1024,10000,548821,511316,300570,304229.88,312929.25,336071.8,668847.7,706375.7,738305.01,744154,119344,123236,93,387986,680,85,380503,7,8163
2,1,100000,16384,10000,859597,865021,730392,732869.95,739644.25,746759.4,1000848.0,1019562.0499999999,1028645.58,1039866,92991,642196,13,222811,647241,12,210812,88,5670
2,1,100000,262144,10000,1420777,1418270,1262024,1264840.12,1272318.75,1303262.7,1547147.2,1555830.9,1564284.69,1568447,88631,899197,50,519022,898353,50,522687,411,1645
2,1,100000,1024,15000,1019859,1010368,951399,953743.17,959790.8,966059.7,1039024.2,1046891.2,1053905.22,1056884,27808,427346,48,582973,433550,31,620176,6,6905
2,1,100000,16384,15000,2606832,2618907,2572104,2574202.89,2578525.9,2581355.2,2674295.0,2697490.6,2712125.71,2716514,35304,1000940,13,1617953,1003925,12,1603455,46,2957
2,1,100000,262144,15000,1420832,1397856,1236188,1239387.57,1246688.05,1272177.2,1501774.1,1510129.05,1517535.05,1521685,83236,862567,49,535239,859921,48,561198,420,1682
2,1,100000,1024,16000,2950386,2970108,2911595,2917947.25,2925638.0,2927821.8,3053564.4,3057257.25,3060313.83,3062024,43432,488050,45,2482011,493491,29,2456741,3,3502
2,1,100000,1024,17000,2581065,2582624,2534725,2541059.02,2546554.8,2550092.9,2622014.5,2630744.4,2655829.44,2658006,27289,469017,49,2113557,473050,36,2076388,3,3875
2,1,100000,1024,18000,1174427,1166365,1103040,1105647.56,1110678.95,1116286.0,1201662.1,1206256.45,1223703.54,1227071,29006,594154,45,572164,599399,29,563113,6,6791
2,1,100000,16384,18000,1345606,1393621,1294111,1297371.59,1304558.75,1307716.7,1518771.7,1520408.05,1523082.03,1525110,85263,1137044,12,256564,1142349,12,201615,75,4813
2,1,100000,1024,20000,1325115,1286650,1182644,1184363.95,1186373.95,1187848.9,1378959.3,1388972.05,1397669.61,1411471,75510,698422,56,588171,704486,40,627728,6,6424
2,1,100000,1024,25000,1293177,1287282,1137714,1140554.34,1143003.75,1155760.4,1393956.7,1419194.05,1432589.83,1436398,80838,718041,50,569190,723332,34,570300,6,6772
2,1,100000,1024,28000,1326753,1339791,1168560,1171532.95,1175268.75,1195987.4,1468823.2000000002,1506069.15,1577700.83,1582168,94858,804165,45,535580,809811,31,518649,6,6488
2,1,100000,1024,30000,2755928,2765846,2580375,2581444.9,2591201.6,2626114.3,2928325.3,2947935.15,3006770.83,3015899,104792,787101,55,1978688,791175,27,1963525,3,3855
2,3,10,1024,500,19427,22171,186,374.0,428.0,461.0,50762.0,55700.7,61545.8,75980,19500,327,72,21771,341,70,19032,0,498
2,3,10,16384,500,15852,19359,212,403.0,457.0,487.0,46305.799999999996,50576.099999999984,56705.82000000001,66286,18015,347,73,18938,358,71,15438,7,498
2,3,10,262144,500,1074062,1888913,765,842.66,884.0,925.0,5158169.100000001,5665394.1,6068058.59,6167755,2047787,451,189,1888272,455,167,1073420,76,306
2,3,10,1024,800,16541,18394,120,277.66,364.0,372.0,41051.0,45361.79999999999,50776.08,60481,15730,243,70,18080,254,69,16224,0,795
2,3,10,16384,800,17441,94326,159,288.0,376.0,395.0,48168.599999999984,765988.1999999987,1576450.4400000002,1776798,291392,236,79,94010,252,75,17132,12,794
2,3,10,262144,800,953708,1823913,803,869.33,910.65,949.0,5068691.000000001,5579841.149999999,6006030.32,6111355,2016437,459,207,1823246,462,191,953049,75,303
2,3,10,1024,1000,12017,14378,120,210.0,295.0,346.0,33297.4,38181.99999999997,47871.76,66145,13309,219,67,14090,240,67,11721,0,994
2,3,10,16384,1000,9221,320955,129,206.0,311.0,338.0,1574862.9999999998,2356816.999999999,2986718.6,3145460,746405,220,71,320663,244,69,8917,15,992
2,3,10,262144,1000,910726,1790349,796,864.0,895.0,927.0,5009681.700000001,5498372.649999999,5896088.79,5995402,1989994,464,193,1789691,465,182,910060,75,303
2,3,10,1024,2000,740559,1655489,89,101.0,106.0,700.2000000000007,4775304.600000001,5296834.7,5731780.62,5841238,1902093,52,22,1655414,51,19,740493,1,1974
2,3,10,16384,2000,3710436,3730197,337808,398626.66,658269.7000000001,975736.0,6521792.2,6880482.1,7184268.02,7254774,1999163,63,25,3730109,59,21,3710350,29,1895
2,3,10,262144,2000,1022730,1875930,797,871.33,902.65,936.0,5172631.500000001,5681346.85,6104429.05,6222008,2055145,461,219,1875249,463,200,1022080,75,300
2,3,10,1024,3000,5209309,5314736,2951704,2996349.44,3163394.0,3381234.6,7425228.800000001,7733765.699999999,7991910.98,8054559,1457932,51,23,5314660,52,19,5209236,2,2223
2,3,10,16384,3000,7360542,7398725,5563025,5594200.78,5733332.4,5907762.0,8982086.6,9190705.5,9361535.22,9397195,1116465,57,22,7398645,58,21,7360466,23,1492
2,3,10,262144,3000,741004,1680583,812,865.33,896.0,926.0,4813316.800000001,5313963.05,5732866.720000001,5863427,1915348,457,214,1679911,461,198,740333,75,301
2,3,10,1024,5000,10886551,10900207,10120612,10135940.6,10192837.0,10266470.0,11554478.0,11611904.0,11654962.0,11675118,465468,372,158,10899676,368,156,10885984,1,1043
2,3,10,16384,5000,11444308,11444194,10818985,10831400.35,10881837.0,10941154.8,11940392.6,11986692.6,12020385.53,12038055,362655,71332,25,11372836,715,20,11443812,12,779
2,3,10,1024,6000,11709519,11715237,11163189,11175063.66,11211119.9,11258714.3,12173750.2,12199755.35,12225059.01,12236019,333196,2515,138,11712583,383,140,11709023,0,996
2,3,10,16384,6000,11839309,11827163,11400078,11405204.0,11439541.0,11472700.0,12145167.0,12165387.0,12185982.0,12197428,244978,133424,19,11693718,1033,19,11706873,11,765
2,3,10,1024,8000,12422536,12408321,12110308,12117749.1,12149621.7,12171317.6,12594347.4,12603570.0,12613637.62,12621203,149099,47859,125,12360336,444,123,12395810,0,968
2,3,10,16384,8000,12264170,12259706,12066916,12072810.84,12085620.15,12102753.2,12394742.7,12403677.5,12411531.25,12415685,109536,346228,15,11913463,338638,13,11927003,11,750
2,3,10,1024,10000,12280023,12284087,12183619,12185662.0,12188806.3,12192087.6,12381258.5,12387873.4,12395403.34,12400088,71039,133703,101,12150281,618,86,12194568,0,986
2,3,10,16384,10000,12986704,12987847,12907945,12909977.74,12915499.55,12921305.7,13052150.1,13058536.7,13065947.85,13069905,48093,563082,13,12424751,571797,13,12428523,11,718
2,3,10,1024,15000,13424343,13396508,13036987,13086841.63,13131292.3,13196726.5,13568541.7,13586134.7,13604447.01,13613104,136462,420388,51,12976068,427243,34,12997073,0,919
2,3,10,16384,15000,12937336,12932342,12767528,12776288.66,12814186.85,12850696.8,12989256.9,13000215.0,13007054.29,13008856,50343,976180,13,11956149,984489,12,11955026,11,731
2,3,10,1024,18000,12939778,12932190,12717812,12721099.12,12756510.6,12798188.6,13041385.1,13062447.3,13069621.61,13072822,99190,577107,45,12355037,585713,30,12355568,0,965
2,3,10,16384,18000,13071312,13058334,12789149,12799910.0,12845746.0,12908014.0,13182510.0,13199202.0,13212855.0,13221780,99732,1034034,12,12024287,1046296,12,12027011,11,726
2,3,10000,1024,500,3939,8565,193,372.0,403.0,450.0,23621.800000000003,26272.399999999994,31382.34,35928,9467,331,69,8164,342,67,3535,0,498
2,3,10000,16384,500,2692,8239,158,399.0,448.0,475.0,23651.6,26454.499999999993,29581.74,36340,9404,351,72,7814,361,69,2253,7,498
2,3,10000,262144,500,266132,1416536,708,788.0,822.0,836.0,4331797.200000001,4861102.25,5274875.2700000005,5381719,1746907,415,185,1415935,411,170,265551,76,305
2,3,10000,1024,800,2138,7008,136,194.0,316.0,360.0,20209.800000000003,22585.0,26257.120000000003,33774,8129,236,70,6701,245,69,1815,0,796
2,3,10000,16384,800,2559,36174,160,228.0,369.0,386.0,24519.199999999997,76356.99999999872,896835.3600000002,1097569,142231,249,74,35850,258,70,2240,12,794
2,3,10000,262144,800,1642031,2145907,710,829.33,873.0,892.0,5359538.3,5833986.0,6121539.25,6227340,2109283,448,181,2145278,453,168,1641404,77,308
2,3,10000,1024,1000,390,5156,115,187.0,244.0,298.0,17257.0,19855.09999999999,23734.440000000002,29218,7007,219,68,4868,242,69,72,0,994
2,3,10000,16384,1000,8150,348310,123,208.66,297.0,329.0,1710290.7999999996,2495664.499999999,3115452.18,3271234,792877,214,66,348029,242,66,7837,15,992
2,3,10000,262144,1000,449626,1536289,800,850.33,889.0,909.0,4584364.000000001,5070185.95,5467049.2,5567161,1838281,461,208,1535619,465,198,448970,75,301
2,3,10000,1024,2000,12564,1114980,91,101.0,106.0,109.0,3857395.0000000005,4425517.299999999,4881937.36,4995008,1562702,54,22,1114903,52,20,12489,1,1978
2,3,10000,16384,2000,3577464,3605258,289061,355440.98,599311.9,911396.2000000001,6355857.0,6724074.1,7013523.98,7081191,1965699,62,27,3605167,61,23,3577379,29,1910
2,3,10000,262144,2000,597644,1602664,787,872.0,899.0,914.0,4647962.9,5133529.6,5557074.220000001,5661837,1865296,462,198,1602003,464,186,596975,75,303
2,3,10000,1024,3000,4079686,4185607,1610807,1658610.76,1827100.5,2036017.8,6549893.0,6896077.799999999,7168450.58,7237676,1636801,53,22,4185531,54,19,4079610,2,2516
2,3,10000,16384,3000,6320762,6353441,4302419,4341903.32,4494616.6,4684225.8,8087532.0,8311168.8,8495669.94,8543151,1228389,61,24,6353356,61,22,6320681,26,1679
2,3,10000,262144,3000,926861,1776192,757,818.33,853.0,878.0,4957262.800000001,5467024.25,5890924.76,6000507,1981851,451,188,1775552,458,170,926306,76,306
2,3,100000,1024,5000,10416392,10432640,9537158,9554681.66,9602072.65,9692910.3,11215146.600000001,11326416.7,11415648.68,11438278,551136,373,157,10432108,374,146,10415841,1,1092
2,3,100000,16384,5000,10860579,10855663,10151370,10165889.46,10217316.7,10287434.8,11446332.0,11501837.55,11556183.18,11582185,414570,63302,26,10792334,701,20,10860105,12,821
2,3,100000,262144,5000,12876156,12852658,12744827,12749244.51,12768311.85,12775616.6,12887922.1,12890221.65,12893573.84,12896906,41419,788940,51,12063667,805390,48,12082408,61,247
2,3,100000,1024,6000,10876703,10905593,10227909,10240377.1,10293862.5,10349977.5,11512886.5,11590785.0,11662884.55,11682109,419540,7395,140,10898058,385,146,10875987,1,1071
2,3,100000,16384,6000,11194952,11197621,10692647,10703648.49,10743152.0,10789279.8,11623509.3,11678712.25,11719475.25,11740445,300221,154736,24,11042860,2329,20,11108726,12,809
2,3,100000,262144,6000,12493722,12485710,12339270,12341973.14,12362404.7,12368855.3,12598257.5,12605105.8,12620339.05,12623933,80641,837344,51,11648314,838922,49,11655430,63,255
2,3,100000,1024,8000,11156352,11183060,10773196,10780670.52,10811766.8,10845371.6,11565855.4,11627979.5,11676442.1,11690765,261372,51464,115,11131479,402,121,11155743,1,1072
2,3,100000,16384,8000,11607209,11618631,11298778,11305704.47,11331354.5,11364745.5,11890125.5,11931592.5,11955751.32,11973099,193097,278407,16,11340207,251305,15,11338749,12,796
2,3,100000,262144,8000,12443619,12445530,12313165,12315821.58,12320324.65,12338800.3,12556076.1,12564070.15,12572546.76,12582754,79109,877060,50,11568419,875378,48,11568444,63,255
2,3,100000,1024,10000,11965753,11996121,11762160,11766868.74,11783662.7,11801038.7,12251410.700000001,12282684.05,12319488.3,12328482,165386,136023,95,11860002,625,82,11850135,0,1011
2,3,100000,16384,10000,12249130,12280658,12174327,12176591.95,12183091.75,12190822.0,12420774.4,12443675.75,12456823.36,12471010,86106,559017,13,11721627,565614,12,11683450,11,758
2,3,100000,262144,10000,13651591,13655612,13526811,13529525.99,13534711.05,13554992.6,13764643.1,13771027.75,13777828.35,13785729,76095,860866,52,12794692,858878,50,12793459,58,234
2,3,100000,1024,15000,12078962,12095372,12041242,12042890.35,12046431.75,12050338.0,12169323.5,12190795.0,12209855.2,12215434,46775,410240,47,11685084,412981,29,11659902,1,1027
2,3,100000,16384,15000,12696199,12680840,12561853,12564540.53,12586852.75,12602554.8,12722851.0,12728385.85,12736214.13,12738474,43608,996674,15,11684150,1007688,13,11691514,11,746
2,3,100000,262144,15000,12709429,12700334,12561168,12564684.6,12569844.1,12595453.6,12825192.7,12833211.05,12839341.72,12843067,83589,837310,48,11862975,839212,46,11871023,62,250
2,3,100000,1024,16000,12138628,12159875,12100471,12103443.78,12108422.85,12112409.9,12249775.1,12275498.15,12300484.22,12302238,52020,485303,53,11674518,490831,32,11635035,0,1015
2,3,100000,1024,17000,12106215,12137801,12062448,12066579.17,12071306.85,12076088.6,12245106.2,12294893.75,12300351.83,12323677,68732,525925,49,11611826,531251,32,11583691,0,1017
2,3,100000,1024,18000,12182054,12199440,12160675,12162421.56,12165436.85,12167554.0,12270827.2,12340610.1,12345878.05,12348735,45581,560804,52,11638584,566095,33,11604980,0,1019
2,3,100000,16384,18000,12500307,12500342,12473664,12482548.78,12485106.7,12486840.9,12519040.6,12525417.05,12527541.0,12529059,10952,1090184,14,11410143,1098069,13,11398483,11,764
2,3,100000,1024,20000,12251016,12266173,12189632,12191711.95,12194190.8,12196500.5,12369963.3,12391280.2,12411311.22,12414810,65463,616121,55,11649996,625285,33,11626590,0,1019
2,3,100000,1024,25000,12471577,12496108,12424762,12426537.17,12429155.75,12434114.6,12596079.3,12635554.15,12648574.83,12651823,64110,707749,47,11788311,714215,32,11756527,0,1011
2,3,100000,1024,28000,12576162,12634654,12486207,12488575.56,12493606.6,12496339.6,12824050.3,12842911.15,12873028.83,12877525,129183,749246,47,11885359,754923,32,11821933,0,999
2,3,100000,1024,30000,12833967,12869345,12681470,12682591.34,12684528.0,12687078.1,13116301.2,13160324.1,13200142.83,13204913,155868,845959,47,12023339,851723,29,11982119,0,977
